bo_iteration,n_train,log_marginal_likelihood,calibration_root_mean_square,calibration_standard_deviation,calibration_maximum_absolute,calibration_outside_two,fit_size,fit_rank_correlation,fit_prediction_spread,fit_objective_spread,fit_residual_root_mean_square,kernel_hyperparameters
0,20,-28.380985618806164,1.0000000037154264,1.0000000036142163,2.1934649957284185,2,10,-0.11515151515151514,6.949906008524298e-06,0.6422666509946187,0.32148552063844715,"{""k1__k1__k1__constant_value"": 0.00010000000000000009, ""k1__k2__k1__k1__constant_value"": 0.00010000000000000009, ""k1__k2__k2__k1__constant_value"": 0.00010000000000000009, ""k2__noise_level"": 1.0001420433739243}"
1,21,-28.836846927304926,0.9932783967934583,0.9932215354875159,2.173325924691824,1,10,0.4545454545454545,0.24800638081845142,0.6422666509946187,0.27169011497119294,"{""k1__k1__k1__constant_value"": 0.6840377262396762, ""k1__k2__k1__k1__constant_value"": 0.00010000000000000009, ""k1__k2__k2__k1__constant_value"": 0.00010000000000000009, ""k2__noise_level"": 0.491836679193897}"
2,22,-28.400212910932655,0.9926486187614468,0.9926416766065775,2.1802493064633786,2,11,0.5909090909090909,0.5673177151937475,0.655733327070872,0.26082260549349995,"{""k1__k1__k1__constant_value"": 0.72452802914801, ""k1__k2__k1__k1__constant_value"": 0.00010000000000000009, ""k1__k2__k2__k1__constant_value"": 0.00010000000000000009, ""k2__noise_level"": 0.3551177830397789}"
3,23,-28.299229583379876,0.9923875259860461,0.9923485212467275,2.1848883640855714,2,11,0.7545454545454545,0.6903137387443504,0.655733327070872,0.22282546962490885,"{""k1__k1__k1__constant_value"": 0.6879896706005851, ""k1__k2__k1__k1__constant_value"": 0.00010000000000000009, ""k1__k2__k2__k1__constant_value"": 0.00010000000000000009, ""k2__noise_level"": 0.3022452734129174}"
4,24,-29.040122651955105,0.9954314922375539,0.9952972043504966,2.2112852914543013,2,12,0.7552447552447553,0.6903137387443624,0.655733327070872,0.21594020828643762,"{""k1__k1__k1__constant_value"": 0.6422249709999903, ""k1__k2__k1__k1__constant_value"": 0.00010000000000000009, ""k1__k2__k2__k1__constant_value"": 0.00010000000000000009, ""k2__noise_level"": 0.3038151167101122}"
5,25,-30.904458676030632,0.9929576150631692,0.9925036789010908,2.2844946259001975,1,12,0.7692307692307694,0.5787095983942803,0.655733327070872,0.21936831022189,"{""k1__k1__k1__constant_value"": 0.5571344172869341, ""k1__k2__k1__k1__constant_value"": 0.00010000000000000009, ""k1__k2__k2__k1__constant_value"": 0.00010000000000000009, ""k2__noise_level"": 0.374440491661604}"
6,26,-30.943393128822905,0.9995418928639084,0.9988268252644283,2.359284718891889,2,13,0.7857142857142857,0.5787095923013027,0.655733327070872,0.2112157696264228,"{""k1__k1__k1__constant_value"": 0.5498701515399931, ""k1__k2__k1__k1__constant_value"": 0.00010000000000000009, ""k1__k2__k2__k1__constant_value"": 0.00010000000000000009, ""k2__noise_level"": 0.33138038454442054}"
7,27,-30.962210054411187,1.0066231075330223,1.0057396504561071,2.412883037338362,2,13,0.7032967032967032,0.6999519022370899,0.655733327070872,0.21716151762965893,"{""k1__k1__k1__constant_value"": 0.5422159658720256, ""k1__k2__k1__k1__constant_value"": 0.00010000000000000009, ""k1__k2__k2__k1__constant_value"": 0.00010000000000000009, ""k2__noise_level"": 0.2954440995666074}"
8,28,-31.232225389303487,1.0125915571858954,1.0114600135177272,2.4483592227298865,2,14,0.7054945054945055,0.6999519065538344,0.655733327070872,0.21060761226612673,"{""k1__k1__k1__constant_value"": 0.5391153558236846, ""k1__k2__k1__k1__constant_value"": 0.00010000000000000009, ""k1__k2__k2__k1__constant_value"": 0.00010000000000000009, ""k2__noise_level"": 0.2726246752555313}"
9,29,-31.30904783516839,1.0151474863939356,1.0138701818535898,2.3852330305670666,2,14,0.7494505494505495,0.7912605805513463,0.655733327070872,0.2168959035919596,"{""k1__k1__k1__constant_value"": 0.5221430808539653, ""k1__k2__k1__k1__constant_value"": 0.00010000000000000009, ""k1__k2__k2__k1__constant_value"": 0.00010000000000000009, ""k2__noise_level"": 0.25263807091889084}"
10,30,-31.63172443369274,1.0183311609110408,1.0169860379276785,2.4402577477138796,2,15,0.7571428571428571,0.7912606057769703,0.7121999859809875,0.21159743343656595,"{""k1__k1__k1__constant_value"": 0.5297875934483159, ""k1__k2__k1__k1__constant_value"": 0.00010000000000000009, ""k1__k2__k2__k1__constant_value"": 0.00010000000000000009, ""k2__noise_level"": 0.2329658684657503}"
11,31,-31.638912626732647,1.0245817462138296,1.02308979511663,2.536362879876264,2,15,0.6642857142857141,0.8787197144211244,0.7121999859809875,0.22367254081463095,"{""k1__k1__k1__constant_value"": 0.5313380318782382, ""k1__k2__k1__k1__constant_value"": 0.00010000000000000009, ""k1__k2__k2__k1__constant_value"": 0.00010000000000000009, ""k2__noise_level"": 0.21093620467457455}"
12,32,-31.639539364537605,1.0317428064967762,1.0302412579762699,2.595213331230497,2,16,0.711764705882353,0.8787197144210911,0.726799984773,0.21672807601138142,"{""k1__k1__k1__constant_value"": 0.5299263205028834, ""k1__k2__k1__k1__constant_value"": 0.00010000000000000009, ""k1__k2__k2__k1__constant_value"": 0.00010000000000000009, ""k2__noise_level"": 0.19345228844550622}"
13,33,-31.85296302157485,1.0358198702130992,1.0345907467685913,2.679639242489177,3,16,0.6441176470588235,0.8632427478312175,0.726799984773,0.21846595545256714,"{""k1__k1__k1__constant_value"": 0.5277039589712751, ""k1__k2__k1__k1__constant_value"": 0.00010000000000000009, ""k1__k2__k2__k1__constant_value"": 0.04254765926865609, ""k2__noise_level"": 0.178205701451885}"
14,34,-32.06825604458422,1.0394820504091582,1.0382123094258355,2.734978060718939,3,17,0.6642156862745099,0.863242747831348,0.726799984773,0.21229470633267458,"{""k1__k1__k1__constant_value"": 0.5303642668641317, ""k1__k2__k1__k1__constant_value"": 0.00010000000000000009, ""k1__k2__k2__k1__constant_value"": 0.038819940905937704, ""k2__noise_level"": 0.1666385931191146}"
15,35,-32.062268956731,1.0442883901537374,1.043155211503116,2.802564874380326,3,17,0.6838235294117648,0.8775143312662814,0.726799984773,0.21136938027894725,"{""k1__k1__k1__constant_value"": 0.5215349630095332, ""k1__k2__k1__k1__constant_value"": 0.00010000000000000009, ""k1__k2__k2__k1__constant_value"": 0.0782706668237878, ""k2__noise_level"": 0.15404563369227767}"
16,36,-32.093947449269045,1.0531278361851204,1.0520965270521785,2.88186886043492,3,18,0.7110423116615068,0.8775143312663773,0.726799984773,0.20557952920012637,"{""k1__k1__k1__constant_value"": 0.519588528235107, ""k1__k2__k1__k1__constant_value"": 0.00010000000000000009, ""k1__k2__k2__k1__constant_value"": 0.12078440359497779, ""k2__noise_level"": 0.14385426649882163}"
17,37,-32.09237385122924,1.0616013686097705,1.0606872161035001,2.950929803601773,3,18,0.6986584107327141,0.869618895720609,0.726799984773,0.2046398586124413,"{""k1__k1__k1__constant_value"": 0.5171512369108645, ""k1__k2__k1__k1__constant_value"": 0.00010000000000000009, ""k1__k2__k2__k1__constant_value"": 0.15723888435705174, ""k2__noise_level"": 0.134473412160684}"
18,38,-32.26623052081037,1.0667071022400596,1.0657970927065388,3.010734122759357,3,19,0.7157894736842104,0.8696188770502251,0.7407999833424885,0.19963340652165235,"{""k1__k1__k1__constant_value"": 0.514842474911658, ""k1__k2__k1__k1__constant_value"": 0.00010000000000000009, ""k1__k2__k2__k1__constant_value"": 0.14939880583915185, ""k2__noise_level"": 0.12912833160257195}"
19,39,-32.498562835104075,1.0694935981811386,1.0685700899641553,3.0843121067716908,3,19,0.8719298245614034,0.945156260166653,0.7407999833424885,0.18198252876751964,"{""k1__k1__k1__constant_value"": 0.517466922787822, ""k1__k2__k1__k1__constant_value"": 0.00010000000000000009, ""k1__k2__k2__k1__constant_value"": 0.18415349393908517, ""k2__noise_level"": 0.12235277605770631}"
20,40,-32.55067429544662,1.0737523629155505,1.0729447181122784,3.169113993338788,3,20,0.8285714285714285,0.945156346630092,0.7663333217302958,0.17909251882003677,"{""k1__k1__k1__constant_value"": 0.5159742880479153, ""k1__k2__k1__k1__constant_value"": 0.00010000000000000009, ""k1__k2__k2__k1__constant_value"": 0.23807688145567926, ""k2__noise_level"": 0.1146287980711652}"
21,41,-32.46493690289587,1.0834494915857427,1.082690909350154,3.252331078134413,4,20,0.8616541353383457,0.9562869534054392,0.7663333217302958,0.17720608010655622,"{""k1__k1__k1__constant_value"": 0.5162200064648977, ""k1__k2__k1__k1__constant_value"": 0.00010000000000000009, ""k1__k2__k2__k1__constant_value"": 0.2876201678285067, ""k2__noise_level"": 0.10717847949707111}"
22,42,-32.57433565205342,1.090142089863896,1.0894196976305068,3.314334400642876,4,21,0.864935064935065,0.9562869570202633,0.7663333217302958,0.17338947331289267,"{""k1__k1__k1__constant_value"": 0.5142797936287182, ""k1__k2__k1__k1__constant_value"": 0.00010000000000000009, ""k1__k2__k2__k1__constant_value"": 0.3158076207614332, ""k2__noise_level"": 0.10306956405839582}"
23,43,-32.482930301323584,1.1012316366227612,1.100529479154585,3.3940483429133836,4,21,0.8545454545454545,0.9757796731263755,0.7663333217302958,0.1738687699959085,"{""k1__k1__k1__constant_value"": 0.5178784589857249, ""k1__k2__k1__k1__constant_value"": 0.00010000000000000009, ""k1__k2__k2__k1__constant_value"": 0.33084891117994664, ""k2__noise_level"": 0.0973967451784064}"
24,44,-32.582322431860774,1.1064276744517072,1.1057431219479381,3.4569984045549966,4,22,0.8588368153585546,0.9757796727198065,0.7663333217302958,0.1699571791643017,"{""k1__k1__k1__constant_value"": 0.5204074091297688, ""k1__k2__k1__k1__constant_value"": 0.00010000000000000009, ""k1__k2__k2__k1__constant_value"": 0.3596967096355949, ""k2__noise_level"": 0.09253377939025816}"
25,45,-33.06272147272246,1.107435890391596,1.1068998063757123,3.494608347528274,4,22,0.8622247317899493,0.9849584282009242,0.7663333217302958,0.16919057190396905,"{""k1__k1__k1__constant_value"": 0.5237674480729688, ""k1__k2__k1__k1__constant_value"": 0.02671753377143301, ""k1__k2__k2__k1__constant_value"": 0.35368496989772363, ""k2__noise_level"": 0.08989771207592126}"
26,46,-33.26190313201452,1.1090421247197113,1.108536608559505,3.5346972008584543,4,23,0.8359683794466403,0.9849584253923217,0.7663333217302958,0.16583018233769894,"{""k1__k1__k1__constant_value"": 0.5187606389007149, ""k1__k2__k1__k1__constant_value"": 0.04930239683884558, ""k1__k2__k2__k1__constant_value"": 0.3660006841575018, ""k2__noise_level"": 0.08725902249879534}"
27,47,-33.41809503754487,1.115502522660028,1.1149874670532935,3.6170800911189356,4,23,0.8310276679841897,1.007111277681921,0.7663333217302958,0.1627607433695739,"{""k1__k1__k1__constant_value"": 0.5251745674418918, ""k1__k2__k1__k1__constant_value"": 0.08274693521748122, ""k1__k2__k2__k1__constant_value"": 0.32166513358779414, ""k2__noise_level"": 0.08404185384715149}"
28,48,-33.3948784464591,1.1233985530718151,1.122896210905274,3.6857223932501366,5,24,0.8208695652173912,1.0071112760536547,0.7663333217302958,0.15942327572208873,"{""k1__k1__k1__constant_value"": 0.5263061523788761, ""k1__k2__k1__k1__constant_value"": 0.0946804443087985, ""k1__k2__k2__k1__constant_value"": 0.339654073400316, ""k2__noise_level"": 0.08031987122719698}"
29,49,-33.763522859020625,1.126046281674935,1.1256084648458633,3.718030606746303,5,24,0.7913043478260868,0.9966559287049604,0.7663333217302958,0.16204634304943624,"{""k1__k1__k1__constant_value"": 0.534595723462424, ""k1__k2__k1__k1__constant_value"": 0.06690370245578509, ""k1__k2__k2__k1__constant_value"": 0.4354838506373963, ""k2__noise_level"": 0.0764382900046035}"
